GROUP,PACKAGE,CLASS,INSTRUCTION_MISSED,INSTRUCTION_COVERED,BRANCH_MISSED,BRANCH_COVERED,LINE_MISSED,LINE_COVERED,COMPLEXITY_MISSED,COMPLEXITY_COVERED,METHOD_MISSED,METHOD_COVERED
pensionerDetailsMicroservice,com.pensionerDetailsMicroservice.Exception,AadharNumberNotFoundException,0,4,0,0,0,2,0,1,0,1
pensionerDetailsMicroservice,com.pensionerDetailsMicroservice.Exception,GlobalExceptionHandler,0,49,0,0,0,13,0,3,0,3
pensionerDetailsMicroservice,com.pensionerDetailsMicroservice.Service,PensionerdetailServiceImpl,18,79,2,2,3,12,2,2,1,1
pensionerDetailsMicroservice,com.pensionerDetailsMicroservice.Model,Bank,9,27,0,0,3,13,3,5,3,5
pensionerDetailsMicroservice,com.pensionerDetailsMicroservice.Model,CustomErrorResponse,12,34,0,0,4,16,4,6,4,6
pensionerDetailsMicroservice,com.pensionerDetailsMicroservice.Model,PensionerDetail,21,55,0,0,7,25,7,9,7,9
pensionerDetailsMicroservice,com.pensionerDetailsMicroservice.Util,DateUtil,0,13,0,0,0,3,0,1,0,1
pensionerDetailsMicroservice,com.pensionerDetailsMicroservice,PensionerDetailsMicroserviceApplication,0,8,0,0,0,3,0,2,0,2
pensionerDetailsMicroservice,com.pensionerDetailsMicroservice.config,SwaggerConfig,0,24,0,0,0,8,0,3,0,3
pensionerDetailsMicroservice,com.pensionerDetailsMicroservice.Controller,PensionerDetailsController,5,37,1,1,1,7,1,3,0,3
